tempo-bt V1  2025-02-16  KiCad 9.0 rc1,,,,,,,,,,
Reference,Value,Datasheet,Footprint,Qty,DNP,MANUFACTURER,MPN,MANUFACTURER P/N 2,MANUFACTURER P/N 3,
B1,CR1220,https://www.keyelco.com/userAssets/file/M65p2.pdf,peakick:CR1220-2,1,,Keystone,1056TR,,,
"C1,C3,C9",100nF,,-- mixed values --,3,,-- mixed values --,-- mixed values --,-- mixed values --,,
"C2,C4,C8",10uF,-- mixed values --,Capacitor_SMD:C_0603_1608Metric,3,,Murata,GRM188Z71A106MA73J,,,
C5,0.1uF,,Capacitor_SMD:C_0603_1608Metric,1,,Murata,GRT033C81A104KE01D,,,
C6,10nF,,Capacitor_SMD:C_0603_1608Metric,1,,TDK,CGA3E2X7R1H103K080AE,,,
C7,2.2uF,,Capacitor_SMD:C_0603_1608Metric,1,,Murata,GRM188R71A225KE15D,,,
C10,1.0UF-0603-16V-10%-X7R,,Capacitor_SMD:C_0603_1608Metric,1,,Kyocera,0603DC105KAT2A,,,
C11,2.2UF-0603-10V-20%,,Capacitor_SMD:C_0603_1608Metric,1,,Murata,GRM188Z71C225KE43D,,,
"C12,C15",4.7UF-0603-6.3V-(10%),,Capacitor_SMD:C_0603_1608Metric,2,,Murata,GRM188Z71A475KE15D,,,
C13,4.7UF-0805-10V-10%,,peakick:0805,1,,Murata,GRM21BR71A475KE51L,,,
"D1,D2",UBXH07-0000034,,Diode_SMD:D_SOD-923,2,,ON Semiconductor,ESD9R3.3ST5G,,,
D5,1A/23V/620mV,,peakick:SOD-323,1,,ST Microelectronics,BAT20JFILM,,,
F1,"500mA, 6V",~,Fuse:Fuse_0805_2012Metric,1,,YAGEO,SMD0805B050TF,,,
J1,JSTPH,,peakick:JSTPH2,1,,JST,S2B-PH-SM4-TB,,,
J2,USB_C_Receptacle_USB2.0,https://www.usb.org/sites/default/files/documents/usb_type-c.zip,peakick:GCT-USB4105-GF-A modified-USB-C 16P,1,,GCT, USB4105-GF-A-120,,,
J4,QWIIC_CONNECTORJS-1MM,,peakick:JST04_1MM_RA,1,DNP,JST,SM04B-SRSS-TB,,,
J5,2x5 PTH ARM CORTEX DEBUG,https://media.digikey.com/pdf/Data%20Sheets/CNC%20Tech%20PDFs/3221-XX-0300-00-TR_Dwg.pdf,peakick:2X5-PTH-1.27MM-NO_SILK,1,,HARWIN,M50-3500542,,,
"LED1,LED3",LTST-S270KGKT,~,LED_SMD:LED_0603_1608Metric,2,,Lite-On,LTST-S270KGKT,,,
LED2,LTST-S270KRKT,~,LED_SMD:LED_0603_1608Metric,1,,Lite-On,LTST-S270KRKT,,,
LED4,Yellow,,peakick:LED-0603,1,,Lite-On,LTST-S270YKT,,,
Q1,DMP3125L-7,https://www.diodes.com/assets/Datasheets/DMP3125L.pdf,peakick:SOT23-3@1,1,,Diodes Incorporated,DMP3125L-7,,,
"R1,R2",5.1k,~,Resistor_SMD:R_0402_1005Metric,2,,Vishay,RCC04025K10FKED,,,
"R3,R4",2.2KOHM-0603-1/10W-1%,,peakick:0603,2,,Panasonic,ERJ-H3EF2201V,,,
"R5,R9,R10",2.2K,,Resistor_SMD:R_0603_1608Metric,3,,Panasonic,ERJ-H3EF2201V,,,
R6,499OHM-0402,,Resistor_SMD:R_0402_1005Metric,1,,KOA,RK73H1ETTP4990F,,,
"R7,R8",220OHM-0402,,Resistor_SMD:R_0402_1005Metric,2,,Vishay,TNPW0402220RBEED,RK73B1ETTP221J,2322_705_87221_L,
"R11,R13,R14",10KOHM-0603-1/10W-1%,,peakick:0603,3,,Panasonic,ERJ-H3EF1002V,,,
R12,470KOHM,,Resistor_SMD:R_0402_1005Metric,1,,Panasonic,ERJ-2GEJ474X,2322_705_87474_L,,
R15,1K,,peakick:0603,1,,Walsin,MR06X1001FTL,,,
R16,2.0k,,peakick:0603,1,,Walsin,MR06X2001FTL,,,
RGB1,LTST-C19HE1WT,,peakick:LTST-C19HE1WT,1,,Lite-on Technology Corporation,LTST-C19HE1WT,,,
SW1,JS102011SAQN,https://www.ckswitches.com/media/1422/js.pdf,peakick:JS102011SAQN,1,,CK Switches,JS102011SAQN,,,
"SW2,SW3",PTS850,,peakick:PTS850-with-bosses,2,,C&K,PTS850VM18PSMTR LFS,,,
SW4,RESET,https://www.ckswitches.com/media/1479/kmr2.pdf,Button_Switch_SMD:SW_Push_1P1T_NO_CK_KMR2,1,,CK Switches,KMR221NG LFS,,,
U1,BMP390,BMP390,peakick:LGA10_BMP390_BOS,1,,Bosch Sensortec,BMP390,,,
U2,SAM-M10Q,https://content.u-blox.com/sites/default/files/documents/SAM-M10Q_DataSheet_UBX-22013293.pdf,peakick:MODULE_SAM-M8Q-0-10,1,,u-blox,SAM-M10Q-00B,,,
U3,MMC5983MA,https://www.mouser.com/datasheet/2/821/Memsic_09102019_MMC5983MA_Datasheet_Rev_A-1635338.pdf,peakick:MMC5983MA_MEM,1,,MEMSIC,MMC5983MA,,,
U4,ICM-42688-V,,peakick:PQFN50P300X250X97-14N,1,,TDK InvenSense,ICM-42688-V,,,
U5,MX25R64,,Package_SON:WSON-8-1EP_6x5mm_P1.27mm_EP3.4x4mm,1,,"Macronix International Co.,Ltd.",MX25R6435FZNIL0-TR,,,
U6,SPX3819M5-L-3-3/TR,,peakick:SOT23-5,1,,Maxlinear,SPX3819M5-L-3-3/TR,,,
U7,NORA-B106-00B,,peakick:XCVR_NORA-B106-00B,1,,u-blox,NORA-B106-00B,,,
U8,MCP73831,,peakick:SOT23-5,1,,Microchip,MCP73831T-4ADI/OT,,,
X1,MEM2061-01-188-00-A,https://gct.co/files/specs/mem2061-spec.pdf,peakick:MICROSD,1,,GCT,MEM2061-01-188-00-A,,,
Y1,32.768kHz,https://www.mouser.com/datasheet/2/137/FC_255_en-1649561.pdf,peakick:CRYSTAL-SMD-3.2X1.5MM,1,,ABRACON,ABS07-120-32.768KHZ-T,,,
